numero,nome,conteudo,status
1,"Rhinoceros, black",lorem ipsum dolor sit amet consectetuer adipiscing elit proin interdum mauris non ligula pellentesque ultrices phasellus,1
2,Blue waxbill,et ultrices posuere cubilia curae donec pharetra magna vestibulum aliquet ultrices erat tortor sollicitudin mi sit amet lobortis sapien sapien,1
3,Marine iguana,nulla sed accumsan felis ut at dolor quis odio consequat varius integer ac leo pellentesque ultrices,3
4,Tiger snake,vivamus vel nulla eget eros elementum pellentesque quisque porta volutpat erat quisque erat eros viverra eget congue,2
5,"Gecko, ring-tailed",convallis duis consequat dui nec nisi volutpat eleifend donec ut dolor morbi,1
6,"Heron, little",augue vestibulum ante ipsum primis in faucibus orci luctus et ultrices posuere cubilia,2
7,"Buffalo, wild water",eget eleifend luctus ultricies eu nibh quisque id justo sit amet sapien dignissim vestibulum vestibulum ante ipsum primis,1
8,"Peccary, collared",justo etiam pretium iaculis justo in hac habitasse platea dictumst etiam faucibus cursus urna ut tellus nulla ut erat,3
9,Harbor seal,turpis donec posuere metus vitae ipsum aliquam non mauris morbi non lectus aliquam sit amet,1
10,"Elephant, african",vel accumsan tellus nisi eu orci mauris lacinia sapien quis,1
